{
    "CH3": {
        "epsilon": 256.7662,
        "lambda": 1.2,
        "sigma": 4.077257e-1,
        "Sk": 0.5725512,
        "Vks": 1,
        "mass": 0.01503502
    }
}
